<?xml version="1.0" encoding="utf-8" ?>
<dwsync>
<file name="core.less" server="8guild.com" local="130504121777142087" remote="130483321800000000" Dst="2" />
<file name="bordered-pulled.less" server="8guild.com" local="130504121777862129" remote="130483321800000000" Dst="2" />
<file name="fixed-width.less" server="8guild.com" local="130504121781132316" remote="130483321800000000" Dst="2" />
<file name="font-awesome.less" server="8guild.com" local="130504121781132316" remote="130483321800000000" Dst="2" />
<file name="larger.less" server="8guild.com" local="130504121783752466" remote="130483321800000000" Dst="2" />
<file name="icons.less" server="8guild.com" local="130504121784122487" remote="130483321800000000" Dst="2" />
<file name="mixins.less" server="8guild.com" local="130504121787492679" remote="130483321800000000" Dst="2" />
<file name="path.less" server="8guild.com" local="130504121787842699" remote="130483321800000000" Dst="2" />
<file name="list.less" server="8guild.com" local="130504121788202720" remote="130483321800000000" Dst="2" />
<file name="rotated-flipped.less" server="8guild.com" local="130504121790752866" remote="130483321800000000" Dst="2" />
<file name="spinning.less" server="8guild.com" local="130504121791622916" remote="130483321800000000" Dst="2" />
<file name="stacked.less" server="8guild.com" local="130504121791622916" remote="130483321800000000" Dst="2" />
<file name="variables.less" server="8guild.com" local="130504121794603086" remote="130483321800000000" Dst="2" />
</dwsync>