<?xml version="1.0" encoding="utf-8" ?>
<dwsync>
<file name="Slide-icons.dev.svg" server="8guild.com" local="130504121473984748" remote="130483321800000000" Dst="2" />
<file name="FontAwesome.otf" server="8guild.com" local="130504121474394771" remote="130483321800000000" Dst="2" />
<file name="Slide-icons.eot" server="8guild.com" local="130504121475604840" remote="130483321800000000" Dst="2" />
<file name="Slide-icons.svg" server="8guild.com" local="130504121476884914" remote="130483321800000000" Dst="2" />
<file name="Slide-icons.ttf" server="8guild.com" local="130504121478144986" remote="130483321800000000" Dst="2" />
<file name="Slide-icons.woff" server="8guild.com" local="130504121479325053" remote="130483321800000000" Dst="2" />
<file name="fontawesome-webfont.eot" server="8guild.com" local="130504121483015264" remote="130483321800000000" Dst="2" />
<file name="fontawesome-webfont.svg" server="8guild.com" local="130504121485685417" remote="130483321800000000" Dst="2" />
<file name="fontawesome-webfont.ttf" server="8guild.com" local="130504121486055438" remote="130483321800000000" Dst="2" />
<file name="fontawesome-webfont.woff" server="8guild.com" local="130504121487135500" remote="130483321800000000" Dst="2" />
<file name="outlined-iconset.eot" server="8guild.com" local="130504121488585583" remote="130483321800000000" Dst="2" />
<file name="outlined-iconset.svg" server="8guild.com" local="130504121490805710" remote="130483321800000000" Dst="2" />
<file name="outlined-iconset.ttf" server="8guild.com" local="130504121491175731" remote="130483321800000000" Dst="2" />
<file name="outlined-iconset.woff" server="8guild.com" local="130504121492615813" remote="130483321800000000" Dst="2" />
</dwsync>