<?xml version="1.0" encoding="utf-8" ?>
<dwsync>
<file name="arrow.png" server="8guild.com" local="130504121867267242" remote="130483321800000000" Dst="2" />
<file name="grab.png" server="8guild.com" local="130504121867627263" remote="130483321800000000" Dst="2" />
<file name="grab.cur" server="8guild.com" local="130504121868357305" remote="130483321800000000" Dst="2" />
<file name="grabbing.cur" server="8guild.com" local="130504121870547430" remote="130483321800000000" Dst="2" />
<file name="grabbing.png" server="8guild.com" local="130504121871677495" remote="130483321800000000" Dst="2" />
<file name="loading-1-dark.gif" server="8guild.com" local="130504121872087518" remote="130483321800000000" Dst="2" />
<file name="loading-1-light.gif" server="8guild.com" local="130504121873897622" remote="130483321800000000" Dst="2" />
<file name="loading-1.gif" server="8guild.com" local="130504121874987684" remote="130483321800000000" Dst="2" />
<file name="loading-2-dark.gif" server="8guild.com" local="130504121875407708" remote="130483321800000000" Dst="2" />
<file name="loading-2-light.gif" server="8guild.com" local="130504121877597833" remote="130483321800000000" Dst="2" />
<file name="loading-2.gif" server="8guild.com" local="130504121879047916" remote="130483321800000000" Dst="2" />
<file name="video-close-btn.png" server="8guild.com" local="130504121881618063" remote="130483321800000000" Dst="2" />
<file name="masterslider.css" server="8guild.com" local="130504121881988084" remote="130483321800000000" Dst="2" />
</dwsync>